-- MySQL dump 10.13  Distrib 8.0.30, for Win64 (x86_64)
--
-- Host: localhost    Database: cinema_test
-- ------------------------------------------------------
-- Server version	8.0.30

/*!40101 SET @OLD_CHARACTER_SET_CLIENT=@@CHARACTER_SET_CLIENT */;
/*!40101 SET @OLD_CHARACTER_SET_RESULTS=@@CHARACTER_SET_RESULTS */;
/*!40101 SET @OLD_COLLATION_CONNECTION=@@COLLATION_CONNECTION */;
/*!50503 SET NAMES utf8 */;
/*!40103 SET @OLD_TIME_ZONE=@@TIME_ZONE */;
/*!40103 SET TIME_ZONE='+00:00' */;
/*!40014 SET @OLD_UNIQUE_CHECKS=@@UNIQUE_CHECKS, UNIQUE_CHECKS=0 */;
/*!40014 SET @OLD_FOREIGN_KEY_CHECKS=@@FOREIGN_KEY_CHECKS, FOREIGN_KEY_CHECKS=0 */;
/*!40101 SET @OLD_SQL_MODE=@@SQL_MODE, SQL_MODE='NO_AUTO_VALUE_ON_ZERO' */;
/*!40111 SET @OLD_SQL_NOTES=@@SQL_NOTES, SQL_NOTES=0 */;

--
-- Table structure for table `booking`
--

DROP TABLE IF EXISTS `booking`;
/*!40101 SET @saved_cs_client     = @@character_set_client */;
/*!50503 SET character_set_client = utf8mb4 */;
CREATE TABLE `booking` (
  `bookingId` int NOT NULL AUTO_INCREMENT,
  `showId` int NOT NULL,
  PRIMARY KEY (`bookingId`)
) ENGINE=InnoDB AUTO_INCREMENT=4 DEFAULT CHARSET=utf8mb3;
/*!40101 SET character_set_client = @saved_cs_client */;

--
-- Dumping data for table `booking`
--

LOCK TABLES `booking` WRITE;
/*!40000 ALTER TABLE `booking` DISABLE KEYS */;
INSERT INTO `booking` VALUES (1,1),(2,1),(3,2);
/*!40000 ALTER TABLE `booking` ENABLE KEYS */;
UNLOCK TABLES;

--
-- Table structure for table `booking_detail`
--

DROP TABLE IF EXISTS `booking_detail`;
/*!40101 SET @saved_cs_client     = @@character_set_client */;
/*!50503 SET character_set_client = utf8mb4 */;
CREATE TABLE `booking_detail` (
  `bookingId` int NOT NULL,
  `seatId` int NOT NULL,
  PRIMARY KEY (`bookingId`,`seatId`)
) ENGINE=InnoDB DEFAULT CHARSET=utf8mb3;
/*!40101 SET character_set_client = @saved_cs_client */;

--
-- Dumping data for table `booking_detail`
--

LOCK TABLES `booking_detail` WRITE;
/*!40000 ALTER TABLE `booking_detail` DISABLE KEYS */;
INSERT INTO `booking_detail` VALUES (1,1),(1,2),(1,3),(2,5),(2,6);
/*!40000 ALTER TABLE `booking_detail` ENABLE KEYS */;
UNLOCK TABLES;

--
-- Table structure for table `film`
--

DROP TABLE IF EXISTS `film`;
/*!40101 SET @saved_cs_client     = @@character_set_client */;
/*!50503 SET character_set_client = utf8mb4 */;
CREATE TABLE `film` (
  `filmId` int NOT NULL AUTO_INCREMENT,
  `filmName` varchar(150) NOT NULL,
  PRIMARY KEY (`filmId`)
) ENGINE=InnoDB AUTO_INCREMENT=4 DEFAULT CHARSET=utf8mb3;
/*!40101 SET character_set_client = @saved_cs_client */;

--
-- Dumping data for table `film`
--

LOCK TABLES `film` WRITE;
/*!40000 ALTER TABLE `film` DISABLE KEYS */;
INSERT INTO `film` VALUES (1,'film 1'),(2,'film 2'),(3,'film 3');
/*!40000 ALTER TABLE `film` ENABLE KEYS */;
UNLOCK TABLES;

--
-- Table structure for table `room`
--

DROP TABLE IF EXISTS `room`;
/*!40101 SET @saved_cs_client     = @@character_set_client */;
/*!50503 SET character_set_client = utf8mb4 */;
CREATE TABLE `room` (
  `roomId` int NOT NULL AUTO_INCREMENT,
  `roomName` varchar(45) NOT NULL,
  PRIMARY KEY (`roomId`)
) ENGINE=InnoDB AUTO_INCREMENT=4 DEFAULT CHARSET=utf8mb3;
/*!40101 SET character_set_client = @saved_cs_client */;

--
-- Dumping data for table `room`
--

LOCK TABLES `room` WRITE;
/*!40000 ALTER TABLE `room` DISABLE KEYS */;
INSERT INTO `room` VALUES (1,'room 1'),(2,'room 2'),(3,'room 3');
/*!40000 ALTER TABLE `room` ENABLE KEYS */;
UNLOCK TABLES;

--
-- Table structure for table `seat`
--

DROP TABLE IF EXISTS `seat`;
/*!40101 SET @saved_cs_client     = @@character_set_client */;
/*!50503 SET character_set_client = utf8mb4 */;
CREATE TABLE `seat` (
  `seatId` int NOT NULL AUTO_INCREMENT,
  `seatName` varchar(45) NOT NULL,
  PRIMARY KEY (`seatId`)
) ENGINE=InnoDB AUTO_INCREMENT=49 DEFAULT CHARSET=utf8mb3;
/*!40101 SET character_set_client = @saved_cs_client */;

--
-- Dumping data for table `seat`
--

LOCK TABLES `seat` WRITE;
/*!40000 ALTER TABLE `seat` DISABLE KEYS */;
INSERT INTO `seat` VALUES (1,'A1'),(2,'A2'),(3,'A3'),(4,'A4'),(5,'A5'),(6,'A6'),(7,'A7'),(8,'A8'),(9,'B1'),(10,'B2'),(11,'B3'),(12,'B4'),(13,'B5'),(14,'B6'),(15,'B7'),(16,'B8'),(17,'C1'),(18,'C2'),(19,'C3'),(20,'C4'),(21,'C5'),(22,'C6'),(23,'C7'),(24,'C8'),(25,'D1'),(26,'D2'),(27,'D3'),(28,'D4'),(29,'D5'),(30,'D6'),(31,'D7'),(32,'D8'),(33,'E1'),(34,'E2'),(35,'E3'),(36,'E4'),(37,'E5'),(38,'E6'),(39,'E7'),(40,'E8'),(41,'F1'),(42,'F2'),(43,'F3'),(44,'F4'),(45,'F5'),(46,'F6'),(47,'F7'),(48,'F8');
/*!40000 ALTER TABLE `seat` ENABLE KEYS */;
UNLOCK TABLES;

--
-- Table structure for table `show`
--

DROP TABLE IF EXISTS `show`;
/*!40101 SET @saved_cs_client     = @@character_set_client */;
/*!50503 SET character_set_client = utf8mb4 */;
CREATE TABLE `show` (
  `showId` int NOT NULL AUTO_INCREMENT,
  `showDate` date NOT NULL,
  `slotId` int NOT NULL,
  `filmId` int NOT NULL,
  `roomId` int DEFAULT NULL,
  PRIMARY KEY (`showId`)
) ENGINE=InnoDB AUTO_INCREMENT=5 DEFAULT CHARSET=utf8mb3;
/*!40101 SET character_set_client = @saved_cs_client */;

--
-- Dumping data for table `show`
--

LOCK TABLES `show` WRITE;
/*!40000 ALTER TABLE `show` DISABLE KEYS */;
INSERT INTO `show` VALUES (1,'2001-08-08',1,1,1),(2,'2001-08-08',2,1,2),(3,'2001-08-08',3,1,1),(4,'2001-08-09',1,2,2);
/*!40000 ALTER TABLE `show` ENABLE KEYS */;
UNLOCK TABLES;

--
-- Table structure for table `slot`
--

DROP TABLE IF EXISTS `slot`;
/*!40101 SET @saved_cs_client     = @@character_set_client */;
/*!50503 SET character_set_client = utf8mb4 */;
CREATE TABLE `slot` (
  `slotId` int NOT NULL AUTO_INCREMENT,
  `slotName` varchar(45) NOT NULL,
  PRIMARY KEY (`slotId`)
) ENGINE=InnoDB AUTO_INCREMENT=4 DEFAULT CHARSET=utf8mb3;
/*!40101 SET character_set_client = @saved_cs_client */;

--
-- Dumping data for table `slot`
--

LOCK TABLES `slot` WRITE;
/*!40000 ALTER TABLE `slot` DISABLE KEYS */;
INSERT INTO `slot` VALUES (1,'slot1'),(2,'slot2'),(3,'slot3');
/*!40000 ALTER TABLE `slot` ENABLE KEYS */;
UNLOCK TABLES;
/*!40103 SET TIME_ZONE=@OLD_TIME_ZONE */;

/*!40101 SET SQL_MODE=@OLD_SQL_MODE */;
/*!40014 SET FOREIGN_KEY_CHECKS=@OLD_FOREIGN_KEY_CHECKS */;
/*!40014 SET UNIQUE_CHECKS=@OLD_UNIQUE_CHECKS */;
/*!40101 SET CHARACTER_SET_CLIENT=@OLD_CHARACTER_SET_CLIENT */;
/*!40101 SET CHARACTER_SET_RESULTS=@OLD_CHARACTER_SET_RESULTS */;
/*!40101 SET COLLATION_CONNECTION=@OLD_COLLATION_CONNECTION */;
/*!40111 SET SQL_NOTES=@OLD_SQL_NOTES */;

-- Dump completed on 2022-10-27 16:54:33
